{"cameraMode":{"drawMode":0,"name":"Shaded","section":"Shading Mode"},"sceneLighting":true,"audioPlay":false,"sceneViewState":{"showFog":true,"showMaterialUpdate":true,"showSkybox":true,"showFlares":true,"showImageEffects":true,"showParticleSystems":true},"in2DMode":false,"pivot":{"x":0.007514268159866333,"y":0.6032023429870606,"z":-0.058454446494579318},"rotation":{"x":-0.05805843323469162,"y":0.8901054263114929,"z":-0.11846154183149338,"w":-0.43624353408813479},"size":2.9480772018432619,"orthographic":false}