{"cameraMode":{"drawMode":0,"name":"Shaded","section":"Shading Mode"},"sceneLighting":true,"audioPlay":false,"sceneViewState":{"showFog":true,"showMaterialUpdate":true,"showSkybox":true,"showFlares":true,"showImageEffects":true,"showParticleSystems":true},"in2DMode":false,"pivot":{"x":343.51055908203127,"y":8.284952163696289,"z":279.40667724609377},"rotation":{"x":-0.053886353969573978,"y":0.936689019203186,"z":-0.16639725863933564,"w":-0.30335116386413576},"size":113.3072738647461,"orthographic":false}