{"cameraMode":{"drawMode":0,"name":"Shaded","section":"Shading Mode"},"sceneLighting":true,"audioPlay":false,"sceneViewState":{"showFog":true,"showMaterialUpdate":true,"showSkybox":true,"showFlares":true,"showImageEffects":true,"showParticleSystems":true},"in2DMode":false,"pivot":{"x":333.530029296875,"y":1.475744605064392,"z":305.31829833984377},"rotation":{"x":-0.06326959282159805,"y":0.6385128498077393,"z":-0.05281361564993858,"w":-0.7651856541633606},"size":7.639011859893799,"orthographic":false}