{"cameraMode":{"drawMode":0,"name":"Shaded","section":"Shading Mode"},"sceneLighting":true,"audioPlay":false,"sceneViewState":{"showFog":false,"showMaterialUpdate":false,"showSkybox":false,"showFlares":false,"showImageEffects":false,"showParticleSystems":false},"in2DMode":false,"pivot":{"x":295.3899841308594,"y":4.445071220397949,"z":318.88067626953127},"rotation":{"x":0.08400532603263855,"y":-0.625645637512207,"z":0.06802963465452194,"w":0.7725818157196045},"size":34.171451568603519,"orthographic":false}