{"cameraMode":{"drawMode":0,"name":"Shaded","section":"Shading Mode"},"sceneLighting":true,"audioPlay":false,"sceneViewState":{"showFog":true,"showMaterialUpdate":true,"showSkybox":true,"showFlares":true,"showImageEffects":true,"showParticleSystems":true},"in2DMode":false,"pivot":{"x":310.1548156738281,"y":15.711766242980957,"z":308.3047790527344},"rotation":{"x":-0.09467370063066483,"y":0.871615469455719,"z":-0.1860603541135788,"w":-0.44351428747177126},"size":22.151899337768556,"orthographic":false}