{"cameraMode":{"drawMode":0,"name":"Shaded","section":"Shading Mode"},"sceneLighting":true,"audioPlay":false,"sceneViewState":{"showFog":true,"showMaterialUpdate":true,"showSkybox":true,"showFlares":true,"showImageEffects":true,"showParticleSystems":true},"in2DMode":false,"pivot":{"x":0.0018310546875,"y":0.6211070418357849,"z":-0.00048828125},"rotation":{"x":-0.07801732420921326,"y":0.877485990524292,"z":-0.15290053188800813,"w":-0.4478316009044647},"size":4.24523401260376,"orthographic":false}