{"cameraMode":{"drawMode":0,"name":"Shaded","section":"Shading Mode"},"sceneLighting":true,"audioPlay":false,"sceneViewState":{"showFog":true,"showMaterialUpdate":true,"showSkybox":true,"showFlares":true,"showImageEffects":true,"showParticleSystems":true},"in2DMode":false,"pivot":{"x":291.66015625,"y":22.702796936035158,"z":979.9188232421875},"rotation":{"x":0.08025479316711426,"y":-0.5361765623092651,"z":0.05132763460278511,"w":0.8387129306793213},"size":188.3558807373047,"orthographic":false}